dest_ip,dest_port,highest_layer,length,timestamp
10.0.2.2,55595,SSH,90,1521397311.237798
10.0.2.2,55595,SSH,90,1521397311.238632
10.0.2.2,55595,SSH,98,1521397311.238749
10.0.2.2,55595,SSH,90,1521397311.238885
10.0.2.15,22,SSH,90,1521397311.851355
10.0.2.2,55595,SSH,90,1521397311.851511
10.0.2.15,22,SSH,90,1521397312.217683
10.0.2.2,55595,SSH,90,1521397312.2179
10.0.2.15,22,SSH,198,1521397313.483598
10.0.2.2,55595,SSH,234,1521397318.13905
10.0.2.2,55595,SSH,90,1521397319.155701
10.0.2.15,22,SSH,90,1521397319.801304
10.0.2.2,55595,SSH,90,1521397319.801504
10.0.2.2,55595,SSH,98,1521397319.812099
10.0.2.15,22,SSH,90,1521397322.329428
10.0.2.2,55595,SSH,90,1521397322.329665
10.0.2.15,22,SSH,90,1521397322.632964
10.0.2.2,55595,SSH,90,1521397322.634792
10.0.2.15,22,SSH,90,1521397323.86507
10.0.2.2,55595,SSH,90,1521397323.865238
10.0.2.2,55595,SSH,90,1521397323.86607
10.0.2.15,22,SSH,90,1521397325.369711
10.0.2.2,55595,SSH,90,1521397325.369927
10.0.2.15,22,SSH,90,1521397325.449434
10.0.2.2,55595,SSH,90,1521397325.449609
10.0.2.15,22,SSH,90,1521397325.545754
10.0.2.2,55595,SSH,90,1521397325.545943
10.0.2.15,22,SSH,90,1521397325.694566
10.0.2.2,55595,SSH,90,1521397325.694737
10.0.2.15,22,SSH,90,1521397325.806356
10.0.2.2,55595,SSH,90,1521397325.806523
10.0.2.15,22,SSH,90,1521397326.009408
10.0.2.2,55595,SSH,90,1521397326.009583
10.0.2.15,22,SSH,90,1521397326.01436
10.0.2.2,55595,SSH,90,1521397326.014537
10.0.2.15,22,SSH,90,1521397326.297598
10.0.2.2,55595,SSH,90,1521397326.297784
10.0.2.15,22,SSH,90,1521397326.521574
10.0.2.2,55595,SSH,90,1521397326.521762
10.0.2.15,22,SSH,90,1521397326.617391
10.0.2.2,55595,SSH,90,1521397326.617557
10.0.2.15,22,SSH,90,1521397326.71339
10.0.2.2,55595,SSH,90,1521397326.713572
10.0.2.15,22,SSH,90,1521397326.830355
10.0.2.2,55595,SSH,90,1521397326.830523
10.0.2.15,22,SSH,90,1521397327.033449
10.0.2.2,55595,SSH,90,1521397327.033637
10.0.2.15,22,SSH,90,1521397327.04941
10.0.2.2,55595,SSH,90,1521397327.049567
10.0.2.15,22,SSH,90,1521397327.097393
10.0.2.2,55595,SSH,90,1521397327.097558
10.0.2.15,22,SSH,90,1521397327.432926
10.0.2.2,55595,SSH,90,1521397327.434642
10.0.2.2,55595,SSH,122,1521397327.452711
10.0.2.2,55595,SSH,130,1521397327.48327
10.0.2.15,22,SSH,90,1521397327.897001
10.0.2.2,55595,SSH,90,1521397327.897155
10.0.2.2,55595,SSH,106,1521397327.897837
10.0.2.15,22,SSH,90,1521397328.089557
10.0.2.2,55595,SSH,90,1521397328.089742
10.0.2.15,22,SSH,90,1521397328.201399
10.0.2.2,55595,SSH,90,1521397328.201584
10.0.2.15,22,SSH,90,1521397328.265759
10.0.2.2,55595,SSH,90,1521397328.266014
10.0.2.15,22,SSH,90,1521397328.377418
10.0.2.2,55595,SSH,90,1521397328.37759
10.0.2.15,22,SSH,90,1521397328.505514
10.0.2.2,55595,SSH,90,1521397328.505689
10.0.2.15,22,SSH,90,1521397328.761466
10.0.2.2,55595,SSH,90,1521397328.761642
10.0.2.15,22,SSH,90,1521397328.85746
10.0.2.2,55595,SSH,90,1521397328.857625
10.0.2.15,22,SSH,90,1521397328.985808
10.0.2.2,55595,SSH,90,1521397328.985989
10.0.2.15,22,SSH,90,1521397329.065395
10.0.2.2,55595,SSH,90,1521397329.065553
10.0.2.15,22,SSH,90,1521397329.209346
10.0.2.2,55595,SSH,90,1521397329.20951
10.0.2.15,22,SSH,90,1521397329.433587
10.0.2.2,55595,SSH,90,1521397329.433768
10.0.2.15,22,SSH,90,1521397329.561361
10.0.2.2,55595,SSH,90,1521397329.561533
10.0.2.15,22,SSH,90,1521397329.65742
10.0.2.2,55595,SSH,90,1521397329.65758
10.0.2.15,22,SSH,90,1521397329.721454
10.0.2.2,55595,SSH,90,1521397329.721627
10.0.2.15,22,SSH,90,1521397330.024941
10.0.2.2,55595,SSH,90,1521397330.027048
10.0.2.2,55595,SSH,114,1521397330.045615
10.0.2.2,55595,SSH,138,1521397330.121826
10.0.2.15,22,SSH,90,1521397330.328977
10.0.2.2,55595,SSH,90,1521397330.329121
10.0.2.2,55595,SSH,106,1521397330.329949
10.0.2.15,22,SSH,90,1521397330.665478
10.0.2.2,55595,SSH,90,1521397330.665682
10.0.2.15,22,SSH,90,1521397330.762802
10.0.2.2,55595,SSH,90,1521397330.762974
10.0.2.15,22,SSH,90,1521397330.857352
10.0.2.2,55595,SSH,90,1521397330.857521
10.0.2.15,22,SSH,90,1521397331.023409
10.0.2.2,55595,SSH,90,1521397331.023609
10.0.2.15,22,SSH,90,1521397331.08202
10.0.2.2,55595,SSH,90,1521397331.082236
10.0.2.15,22,SSH,90,1521397331.145669
10.0.2.2,55595,SSH,90,1521397331.14634
10.0.2.15,22,SSH,90,1521397331.273432
10.0.2.2,55595,SSH,90,1521397331.273606
10.0.2.15,22,SSH,90,1521397331.376111
10.0.2.2,55595,SSH,90,1521397331.37632
10.0.2.15,22,SSH,90,1521397331.465468
10.0.2.2,55595,SSH,90,1521397331.465639
10.0.2.15,22,SSH,90,1521397331.513391
10.0.2.2,55595,SSH,90,1521397331.513557
10.0.2.15,22,SSH,90,1521397331.613908
10.0.2.2,55595,SSH,90,1521397331.614726
10.0.2.2,55595,SSH,98,1521397331.715078
10.0.2.2,55595,SSH,90,1521397331.719561
91.189.91.26,80,HTTP,271,1521397331.802502
91.189.91.26,80,HTTP,264,1521397331.803164
10.0.2.2,55595,SSH,90,1521397331.844573
10.0.2.2,55595,SSH,146,1521397331.845152
10.0.2.2,55595,SSH,122,1521397331.845752
10.0.2.15,50020,HTTP,265,1521397331.846847
91.189.91.26,80,HTTP,272,1521397331.849114
10.0.2.2,55595,SSH,90,1521397331.849739
10.0.2.2,55595,SSH,98,1521397331.921073
10.0.2.2,55595,SSH,106,1521397331.921702
10.0.2.2,55595,SSH,90,1521397331.921981
10.0.2.2,55595,SSH,138,1521397331.922367
195.135.221.134,80,HTTP,234,1521397331.927054
10.0.2.2,55595,SSH,114,1521397331.943521
10.0.2.2,55595,SSH,90,1521397331.946888
10.0.2.15,50018,HTTP,1135,1521397331.967284
10.0.2.2,55595,SSH,90,1521397331.973815
10.0.2.2,55595,SSH,90,1521397331.974475
10.0.2.15,50020,HTTP,1118,1521397332.022846
91.189.91.26,80,HTTP,274,1521397332.02813
10.0.2.2,55595,SSH,90,1521397332.032012
10.0.2.2,55595,SSH,90,1521397332.035982
10.0.2.15,54374,XML,63,1521397332.058434
10.0.2.2,55595,SSH,90,1521397332.058905
10.0.2.2,55595,SSH,162,1521397332.059368
195.135.221.134,80,HTTP,282,1521397332.059738
10.0.2.2,55595,SSH,90,1521397332.068034
10.0.2.2,55595,SSH,122,1521397332.068384
10.0.2.15,50020,HTTP,1166,1521397332.117595
10.0.2.2,55595,SSH,90,1521397332.125093
10.0.2.2,55595,SSH,90,1521397332.125305
10.0.2.2,55595,SSH,90,1521397332.125709
10.0.2.15,54374,HTTP,183,1521397332.183586
10.0.2.2,55595,SSH,90,1521397332.183914
10.0.2.2,55595,SSH,98,1521397332.184201
10.0.2.2,55595,SSH,98,1521397332.184507
54.193.126.242,443,SSL,324,1521397332.431884
52.85.112.16,443,SSL,329,1521397332.433507
23.23.109.100,443,SSL,330,1521397332.439988
10.0.2.15,40152,SSL,1502,1521397332.454471
10.0.2.15,40152,SSL,1190,1521397332.455272
52.85.112.16,443,SSL,129,1521397332.459493
52.85.112.16,443,SSL,60,1521397332.459771
52.85.112.16,443,SSL,99,1521397332.459933
10.0.2.15,47298,SSL,1502,1521397332.480836
10.0.2.15,47298,SSL,1564,1521397332.481254
23.23.109.100,443,SSL,129,1521397332.485228
23.23.109.100,443,SSL,105,1521397332.485455
10.0.2.15,46304,SSL,1502,1521397332.499811
10.0.2.15,46304,SSL,672,1521397332.500231
54.193.126.242,443,SSL,129,1521397332.505123
54.193.126.242,443,SSL,105,1521397332.50534
10.0.2.15,40152,SSL,296,1521397332.527005
52.85.112.16,443,SSL,297,1521397332.530029
10.0.2.2,55595,SSH,90,1521397332.549788
10.0.2.2,55595,SSH,90,1521397332.550089
10.0.2.2,55595,SSH,90,1521397332.550306
10.0.2.2,55595,SSH,98,1521397332.55075
10.0.2.2,55595,SSH,90,1521397332.550938
10.0.2.15,40152,SSL,467,1521397332.551367
10.0.2.2,55595,SSH,90,1521397332.551647
10.0.2.2,55595,SSH,114,1521397332.551835
10.0.2.2,55595,SSH,90,1521397332.552063
10.0.2.2,55595,SSH,90,1521397332.552308
10.0.2.2,55595,SSH,90,1521397332.552436
10.0.2.15,47298,SSL,105,1521397332.596601
23.23.109.100,443,SSL,252,1521397332.59723
10.0.2.15,47298,SSL,688,1521397332.646341
10.0.2.2,55595,SSH,90,1521397332.649554
10.0.2.2,55595,SSH,138,1521397332.649943
23.23.109.100,443,SSL,300,1521397332.650312
10.0.2.2,55595,SSH,90,1521397332.650412
10.0.2.15,46304,SSL,328,1521397332.673237
54.193.126.242,443,SSL,230,1521397332.673932
10.0.2.15,47298,SSL,492,1521397332.68716
10.0.2.2,55595,SSH,90,1521397332.687442
10.0.2.2,55595,SSH,90,1521397332.68833
10.0.2.2,55595,SSH,90,1521397332.688549
10.0.2.2,55595,SSH,90,1521397332.691994
10.0.2.2,55595,SSH,98,1521397332.692313
10.0.2.2,55595,SSH,90,1521397332.692508
10.0.2.2,55595,SSH,90,1521397332.69283
10.0.2.2,55595,SSH,90,1521397332.69302
10.0.2.2,55595,SSH,90,1521397332.693254
10.0.2.2,55595,SSH,90,1521397332.693348
10.0.2.15,46304,SSL,711,1521397332.737375
10.0.2.2,55595,SSH,90,1521397332.840556
10.0.2.2,55595,SSH,90,1521397332.840879
10.0.2.2,55595,SSH,90,1521397332.841084
10.0.2.2,55595,SSH,90,1521397332.841536
10.0.2.2,55595,SSH,90,1521397332.841756
52.216.100.11,443,SSL,343,1521397332.996301
10.0.2.15,33404,SSL,146,1521397333.034421
10.0.2.15,33404,SSL,1486,1521397333.035007
10.0.2.15,33404,SSL,1474,1521397333.035893
10.0.2.15,33404,SSL,60,1521397333.036024
10.0.2.15,33404,SSL,63,1521397333.03606
52.216.100.11,443,SSL,129,1521397333.036937
52.216.100.11,443,SSL,105,1521397333.037125
10.0.2.2,55595,SSH,90,1521397333.069243
10.0.2.2,55595,SSH,90,1521397333.069528
10.0.2.2,55595,SSH,90,1521397333.074958
10.0.2.2,55595,SSH,106,1521397333.075411
10.0.2.2,55595,SSH,90,1521397333.07552
10.0.2.15,33404,SSL,105,1521397333.137787
52.216.100.11,443,SSL,249,1521397333.144888
10.0.2.2,55595,SSH,90,1521397333.176994
10.0.2.2,55595,SSH,90,1521397333.177127
10.0.2.2,55595,SSH,90,1521397333.177357
10.0.2.2,55595,SSH,98,1521397333.177863
10.0.2.15,33404,SSL,349,1521397333.22214
10.0.2.15,33404,SSL,389,1521397333.222254
10.0.2.2,55595,SSH,90,1521397333.228658
10.0.2.2,55595,SSH,122,1521397333.228927
54.193.126.242,443,SSL,278,1521397333.229268
10.0.2.2,55595,SSH,90,1521397333.22942
10.0.2.2,55595,SSH,90,1521397333.295493
10.0.2.2,55595,SSH,90,1521397333.29585
10.0.2.2,55595,SSH,90,1521397333.296098
10.0.2.2,55595,SSH,98,1521397333.298991
10.0.2.2,55595,SSH,90,1521397333.299105
10.0.2.15,46304,SSL,707,1521397333.30001
52.216.100.11,443,SSL,297,1521397333.300172
10.0.2.15,33404,SSL,595,1521397333.354904
10.0.2.2,55595,SSH,90,1521397333.359068
10.0.2.2,55595,SSH,98,1521397333.359331
10.0.2.2,55595,SSH,98,1521397333.359649
10.0.2.2,55595,SSH,90,1521397333.414783
10.0.2.2,55595,SSH,90,1521397333.415068
10.0.2.2,55595,SSH,98,1521397333.415492
10.0.2.2,55595,SSH,90,1521397333.519182
10.0.2.2,55595,SSH,90,1521397333.519481
10.0.2.2,55595,SSH,122,1521397333.527242
10.0.2.2,55595,SSH,106,1521397333.539
10.0.2.2,55595,SSH,90,1521397333.554046
10.0.2.15,47298,SSL,85,1521397333.557464
10.0.2.2,55595,SSH,90,1521397333.606688
10.0.2.2,55595,SSH,90,1521397333.748827
10.0.2.2,55595,SSH,90,1521397333.749176
10.0.2.2,55595,SSH,90,1521397333.868436
10.0.2.2,55595,SSH,90,1521397333.868743
10.0.2.2,55595,SSH,90,1521397333.90938
10.0.2.2,55595,SSH,90,1521397333.909788
10.0.2.2,55595,SSH,90,1521397333.910765
10.0.2.2,55595,SSH,90,1521397333.911039
10.0.2.2,55595,SSH,90,1521397333.911886
10.0.2.2,55595,SSH,90,1521397333.912253
10.0.2.2,55595,SSH,90,1521397333.912687
10.0.2.2,55595,SSH,90,1521397333.912925
10.0.2.2,55595,SSH,90,1521397334.338282
10.0.2.2,55595,SSH,90,1521397335.071504
10.0.2.2,55595,SSH,90,1521397335.197777
10.0.2.2,55595,SSH,90,1521397335.198107
10.0.2.2,55595,SSH,90,1521397335.79774
10.0.2.2,55595,SSH,90,1521397335.99055
10.0.2.2,55595,SSH,90,1521397335.990909
10.0.2.2,55595,SSH,90,1521397336.252647
10.0.2.2,55595,SSH,90,1521397336.255028
10.0.2.2,55595,SSH,90,1521397336.288283
10.0.2.2,55595,SSH,90,1521397336.289334
10.0.2.2,55595,SSH,90,1521397336.30489
10.0.2.2,55595,SSH,90,1521397336.305915
10.0.2.2,55595,SSH,90,1521397336.309879
10.0.2.2,55595,SSH,90,1521397336.311474
10.0.2.2,55595,SSH,90,1521397336.467997
10.0.2.2,55595,SSH,90,1521397336.470993
10.0.2.2,55595,SSH,90,1521397336.536457
10.0.2.2,55595,SSH,90,1521397336.586785
10.0.2.2,55595,SSH,90,1521397336.588077
10.0.2.2,55595,SSH,90,1521397336.637381
10.0.2.2,55595,SSH,90,1521397336.638329
10.0.2.2,55595,SSH,90,1521397336.640685
10.0.2.2,55595,SSH,90,1521397336.641636
10.0.2.2,55595,SSH,90,1521397336.642648
10.0.2.2,55595,SSH,90,1521397336.644047
10.0.2.2,55595,SSH,90,1521397336.644491
10.0.2.2,55595,SSH,90,1521397336.644818
10.0.2.2,55595,SSH,90,1521397336.757429
10.0.2.2,55595,SSH,90,1521397336.75768
10.0.2.2,55595,SSH,90,1521397336.829701
10.0.2.2,55595,SSH,90,1521397336.830058
10.0.2.2,55595,SSH,90,1521397336.860271
10.0.2.2,55595,SSH,90,1521397336.860569
10.0.2.2,55595,SSH,90,1521397336.864348
10.0.2.2,55595,SSH,90,1521397336.864659
10.0.2.2,55595,SSH,90,1521397336.868481
10.0.2.2,55595,SSH,90,1521397336.869207
10.0.2.2,55595,SSH,90,1521397336.870267
10.0.2.2,55595,SSH,90,1521397336.873994
10.0.2.2,55595,SSH,90,1521397336.87477
10.0.2.2,55595,SSH,90,1521397336.875958
10.0.2.2,55595,SSH,98,1521397336.879051
10.0.2.2,55595,SSH,90,1521397336.912018
10.0.2.2,55595,SSH,90,1521397336.912375
10.0.2.2,55595,SSH,90,1521397336.945012
10.0.2.2,55595,SSH,90,1521397336.945294
10.0.2.2,55595,SSH,90,1521397336.985127
10.0.2.2,55595,SSH,90,1521397336.98612
10.0.2.2,55595,SSH,90,1521397336.986847
10.0.2.2,55595,SSH,90,1521397336.987784
10.0.2.2,55595,SSH,90,1521397336.988565
10.0.2.2,55595,SSH,90,1521397336.992133
10.0.2.2,55595,SSH,90,1521397336.992621
10.0.2.2,55595,SSH,90,1521397336.994373
10.0.2.2,55595,SSH,90,1521397337.015916
10.0.2.2,55595,SSH,90,1521397337.016905
10.0.2.2,55595,SSH,90,1521397337.040011
10.0.2.2,55595,SSH,90,1521397337.044019
10.0.2.2,55595,SSH,90,1521397337.05684
10.0.2.2,55595,SSH,90,1521397337.058074
10.0.2.2,55595,SSH,90,1521397337.058849
10.0.2.2,55595,SSH,90,1521397337.059514
10.0.2.2,55595,SSH,90,1521397337.059949
10.0.2.2,55595,SSH,90,1521397337.060887
10.0.2.2,55595,SSH,90,1521397337.063743
10.0.2.2,55595,SSH,90,1521397337.064871
10.0.2.2,55595,SSH,90,1521397337.065392
10.0.2.2,55595,SSH,90,1521397337.06609
10.0.2.2,55595,SSH,90,1521397337.066889
10.0.2.2,55595,SSH,90,1521397337.173727
10.0.2.2,55595,SSH,90,1521397337.1764
10.0.2.2,55595,SSH,98,1521397337.347895
10.0.2.2,55595,SSH,90,1521397337.348079
10.0.2.2,55595,SSH,114,1521397337.438368
10.0.2.2,55595,SSH,90,1521397337.446021
10.0.2.2,55595,SSH,90,1521397337.447838
10.0.2.2,55595,SSH,90,1521397337.540178
10.0.2.2,55595,SSH,90,1521397337.540608
10.0.2.2,55595,SSH,90,1521397337.949038
10.0.2.2,55595,SSH,90,1521397337.949164
10.0.2.2,55595,SSH,106,1521397337.949389
10.0.2.2,55595,SSH,90,1521397337.949785
10.0.2.2,55595,SSH,90,1521397337.950388
10.0.2.2,55595,SSH,90,1521397337.950604
10.0.2.2,55595,SSH,138,1521397337.981692
10.0.2.2,55595,SSH,90,1521397337.982011
10.0.2.2,55595,SSH,242,1521397337.994113
10.0.2.2,55595,SSH,90,1521397337.996311
10.0.2.15,22,SSH,90,1521397338.473409
10.0.2.2,55595,SSH,98,1521397338.473674
10.0.2.15,22,SSH,90,1521397339.320912
10.0.2.2,55595,SSH,90,1521397339.322019
10.0.2.2,55595,SSH,98,1521397339.336317
10.0.2.2,55595,SSH,90,1521397339.336464
10.0.2.2,55595,SSH,106,1521397339.336779
10.0.2.2,55595,SSH,90,1521397339.336871
10.0.2.2,55595,SSH,114,1521397339.337089
10.0.2.2,55595,SSH,90,1521397339.337331
10.0.2.2,55595,SSH,98,1521397339.337589
10.0.2.2,55595,SSH,90,1521397339.33779
10.0.2.2,55595,SSH,146,1521397339.353548
10.0.2.2,55595,SSH,106,1521397339.367569
10.0.2.2,55595,SSH,98,1521397339.368756
10.0.2.2,55595,SSH,90,1521397339.369018
10.0.2.2,55595,SSH,106,1521397339.370217
10.0.2.2,55595,SSH,106,1521397339.372157
10.0.2.2,55595,SSH,106,1521397339.386325
10.0.2.2,55595,SSH,114,1521397339.485079
10.0.2.2,55595,SSH,130,1521397339.498153
10.0.2.2,55595,SSH,98,1521397339.541919
10.0.2.2,55595,SSH,114,1521397339.578583
10.0.2.2,55595,SSH,122,1521397339.592593
10.0.2.2,55595,SSH,122,1521397339.606598
10.0.2.15,22,SSH,90,1521397341.721634
10.0.2.2,55595,SSH,90,1521397341.721844
10.0.2.15,22,SSH,90,1521397341.769305
10.0.2.2,55595,SSH,90,1521397341.769474
10.0.2.15,22,SSH,90,1521397341.865922
10.0.2.2,55595,SSH,90,1521397341.866115
10.0.2.15,22,SSH,90,1521397341.966391
10.0.2.2,55595,SSH,90,1521397341.966577
10.0.2.15,22,SSH,90,1521397342.073317
10.0.2.2,55595,SSH,90,1521397342.073493
10.0.2.15,22,SSH,90,1521397342.233421
10.0.2.2,55595,SSH,90,1521397342.233603
10.0.2.15,22,SSH,90,1521397342.28229
10.0.2.2,55595,SSH,90,1521397342.28251
10.0.2.15,22,SSH,90,1521397342.521459
10.0.2.2,55595,SSH,90,1521397342.521641
10.0.2.15,22,SSH,90,1521397342.745568
10.0.2.2,55595,SSH,90,1521397342.745768
10.0.2.15,22,SSH,90,1521397342.969393
10.0.2.2,55595,SSH,90,1521397342.969569
10.0.2.15,22,SSH,90,1521397343.161478
10.0.2.2,55595,SSH,90,1521397343.161651
10.0.2.15,22,SSH,90,1521397343.385561
10.0.2.2,55595,SSH,90,1521397343.385762
10.0.2.15,22,SSH,90,1521397343.470451
10.0.2.2,55595,SSH,90,1521397343.470619
10.0.2.15,22,SSH,90,1521397343.640797
10.0.2.2,55595,SSH,90,1521397343.641788
10.0.2.2,55595,SSH,98,1521397343.643726
10.0.2.2,55595,SSH,106,1521397343.659091
10.0.2.15,22,SSH,90,1521397344.665341
10.0.2.2,55595,SSH,90,1521397344.665488
10.0.2.2,55595,SSH,122,1521397344.666198
10.0.2.15,22,SSH,90,1521397345.144884
10.0.2.2,55595,SSH,90,1521397345.1451
10.0.2.15,22,SSH,90,1521397345.321045
10.0.2.2,55595,SSH,98,1521397345.321377
10.0.2.15,22,SSH,90,1521397346.040957
10.0.2.2,55595,SSH,114,1521397346.041195
10.0.2.15,22,SSH,90,1521397346.568889
10.0.2.2,55595,SSH,98,1521397346.569124
10.0.2.15,22,SSH,90,1521397346.987198
10.0.2.2,55595,SSH,98,1521397346.987439
10.0.2.15,22,SSH,90,1521397347.336959
10.0.2.2,55595,SSH,98,1521397347.33719
10.0.2.15,22,SSH,90,1521397348.072834
10.0.2.2,55595,SSH,90,1521397348.074414
10.0.2.2,55595,SSH,114,1521397348.278683
10.0.2.15,22,SSH,90,1521397348.279002
10.0.2.2,55595,SSH,90,1521397348.282312
10.0.2.15,22,SSH,98,1521397348.282703
10.0.2.2,55595,SSH,90,1521397348.424677
10.0.2.2,55595,SSH,738,1521397348.42502
10.0.2.15,22,SSH,634,1521397348.437199
10.0.2.2,55595,SSH,162,1521397348.93628
10.0.2.2,55595,SSH,98,1521397349.278069
10.0.2.2,55595,SSH,106,1521397349.28004
10.0.2.2,55595,SSH,98,1521397349.421969
10.0.2.2,55595,SSH,98,1521397349.422855
10.0.2.2,55595,SSH,98,1521397349.522088
10.0.2.2,55595,SSH,98,1521397349.522935
10.0.2.2,55595,SSH,90,1521397349.690537
10.0.2.2,55595,SSH,98,1521397349.692041
10.0.2.2,55595,SSH,90,1521397349.781404
10.0.2.2,55595,SSH,90,1521397349.783244
10.0.2.2,55595,SSH,90,1521397349.858293
10.0.2.2,55595,SSH,90,1521397349.860252
10.0.2.2,55595,SSH,98,1521397349.93522
10.0.2.2,55595,SSH,98,1521397349.937071
10.0.2.2,55595,SSH,114,1521397350.051037
10.0.2.2,55595,SSH,98,1521397350.052949
10.0.2.2,55595,SSH,114,1521397350.182508
10.0.2.2,55595,SSH,106,1521397351.182689
10.0.2.2,55595,SSH,98,1521397352.189278
10.0.2.2,55595,SSH,90,1521397353.189897
10.0.2.2,55595,SSH,90,1521397354.19045
10.0.2.2,55595,SSH,98,1521397355.192304
10.0.2.2,55595,SSH,98,1521397356.19501
10.0.2.15,22,SSH,90,1521397357.1826
10.0.2.2,55595,SSH,126,1521397357.183911
10.0.2.2,55595,SSH,90,1521397357.184118
10.0.2.2,55595,SSH,90,1521397357.184436
10.0.2.15,22,SSH,126,1521397357.184863
10.0.2.2,55595,SSH,126,1521397357.185003
10.0.2.15,22,SSH,90,1521397357.801374
10.0.2.2,55595,SSH,90,1521397357.801576
10.0.2.15,22,SSH,90,1521397358.009276
10.0.2.2,55595,SSH,90,1521397358.009534
10.0.2.15,22,SSH,90,1521397358.04124
10.0.2.2,55595,SSH,90,1521397358.041399
10.0.2.15,22,SSH,90,1521397358.201252
10.0.2.2,55595,SSH,90,1521397358.201418
10.0.2.15,22,SSH,90,1521397358.384001
10.0.2.2,55595,SSH,90,1521397358.384212
10.0.2.15,22,SSH,90,1521397358.457319
10.0.2.2,55595,SSH,90,1521397358.45748
10.0.2.15,22,SSH,90,1521397358.633407
10.0.2.2,55595,SSH,90,1521397358.633575
10.0.2.15,22,SSH,90,1521397358.66524
10.0.2.2,55595,SSH,90,1521397358.665402
10.0.2.15,22,SSH,90,1521397358.80928
10.0.2.2,55595,SSH,90,1521397358.809446
10.0.2.15,22,SSH,90,1521397358.958312
10.0.2.2,55595,SSH,90,1521397358.958489
10.0.2.15,22,SSH,90,1521397359.06543
10.0.2.2,55595,SSH,90,1521397359.065609
10.0.2.15,22,SSH,90,1521397359.337305
10.0.2.2,55595,SSH,90,1521397359.337485
10.0.2.15,22,SSH,90,1521397359.545317
10.0.2.2,55595,SSH,90,1521397359.545505
10.0.2.15,22,SSH,90,1521397359.673346
10.0.2.2,55595,SSH,90,1521397359.673529
10.0.2.15,22,SSH,90,1521397359.785409
10.0.2.2,55595,SSH,90,1521397359.785738
10.0.2.15,22,SSH,90,1521397359.913571
10.0.2.2,55595,SSH,90,1521397359.913767
10.0.2.15,22,SSH,90,1521397360.249361
10.0.2.2,55595,SSH,90,1521397360.249539
10.0.2.15,22,SSH,90,1521397360.569336
10.0.2.2,55595,SSH,90,1521397360.569519
10.0.2.15,22,SSH,90,1521397360.686422
10.0.2.2,55595,SSH,90,1521397360.686602
10.0.2.15,22,SSH,90,1521397360.873427
10.0.2.2,55595,SSH,98,1521397360.891845
10.0.2.15,22,SSH,90,1521397363.464745
10.0.2.2,55595,SSH,90,1521397363.464935
10.0.2.15,22,SSH,90,1521397363.592693
10.0.2.2,55595,SSH,90,1521397363.59286
10.0.2.15,22,SSH,90,1521397363.73675
10.0.2.2,55595,SSH,90,1521397363.736948
10.0.2.15,22,SSH,90,1521397363.896612
10.0.2.2,55595,SSH,90,1521397363.896797
10.0.2.15,22,SSH,90,1521397364.024705
10.0.2.2,55595,SSH,90,1521397364.024874
10.0.2.15,22,SSH,90,1521397364.233275
10.0.2.2,55595,SSH,90,1521397364.233451
10.0.2.15,22,SSH,90,1521397364.32972
10.0.2.2,55595,SSH,90,1521397364.329959
10.0.2.15,22,SSH,90,1521397364.569385
10.0.2.2,55595,SSH,90,1521397364.569557
10.0.2.15,22,SSH,90,1521397364.77718
10.0.2.2,55595,SSH,90,1521397364.777383
10.0.2.15,22,SSH,90,1521397364.985382
10.0.2.2,55595,SSH,90,1521397364.985559
10.0.2.15,22,SSH,90,1521397365.193297
10.0.2.2,55595,SSH,90,1521397365.193518
10.0.2.15,22,SSH,90,1521397365.433437
10.0.2.2,55595,SSH,90,1521397365.433633
10.0.2.15,22,SSH,90,1521397365.481357
10.0.2.2,55595,SSH,90,1521397365.481568
10.0.2.15,22,SSH,90,1521397365.849304
10.0.2.2,55595,SSH,90,1521397365.849484
10.0.2.15,22,SSH,90,1521397366.057415
10.0.2.2,55595,SSH,90,1521397366.057639
10.0.2.15,22,SSH,90,1521397366.185315
10.0.2.2,55595,SSH,90,1521397366.185485
10.0.2.15,22,SSH,90,1521397366.297166
10.0.2.2,55595,SSH,90,1521397366.297328
10.0.2.15,22,SSH,90,1521397366.393348
10.0.2.2,55595,SSH,90,1521397366.393526
10.0.2.15,22,SSH,90,1521397366.713536
10.0.2.2,55595,SSH,90,1521397366.715912
10.0.2.2,55595,SSH,90,1521397368.682219
10.0.2.15,22,SSH,90,1521397368.682587
10.0.2.2,55595,SSH,90,1521397368.682779
10.0.2.2,55595,SSH,90,1521397368.682969
10.0.2.15,22,SSH,90,1521397368.68324
10.0.2.2,55595,SSH,90,1521397368.87345
10.0.2.2,55595,SSH,138,1521397368.873736
10.0.2.15,22,SSH,626,1521397368.886025
10.0.2.2,55595,SSH,114,1521397369.344063
10.0.2.2,55595,SSH,90,1521397369.579167
10.0.2.15,22,SSH,126,1521397369.579467
10.0.2.2,55595,SSH,126,1521397369.57997
